fiction_id,title,author,url,first_seen_utc,published_utc,age_hours,data_status,availability,followers,total_views,chapter_count,page_count,rating_count,rating_average,followers_per_day,views_per_day,followers_per_1000_views,followers_per_chapter,views_per_chapter,follower_growth,view_growth,follower_growth_per_day,view_growth_per_day,launch_index,launch_index_confidence,current_rs,current_best_rs_rank,first_rs_utc,hours_to_rs,latest_metric_observed_utc
180704,Awakening in the Altered World,adastra339,https://www.royalroad.com/fiction/180704/awakening-in-the-altered-world,2026-07-15T22:17:09Z,2026-07-15T20:31:03Z,21.29,complete,available,73,543,10,80,9,,82.28,612.05,134.44,7.3,54.3,0,0,,,99.37,medium,False,,,,2026-07-16T07:31:30Z
180686,One Glitch From Disaster — a LitRPG Isekai Adventure,Blenderbeetle,https://www.royalroad.com/fiction/180686/one-glitch-from-disaster-a-litrpg-isekai-adventure,2026-07-15T22:17:09Z,2026-07-15T19:50:10Z,21.97,complete,available,20,148,8,83,1,,21.84,161.65,135.14,2.5,18.5,0,0,,,97.82,medium,False,,,,2026-07-16T07:31:30Z
180662,The Red Stone,Zi storyteller,https://www.royalroad.com/fiction/180662/the-red-stone,2026-07-15T18:41:10Z,2026-07-15T17:33:19Z,24.25,complete,available,6,112,5,60,3,,5.94,110.82,53.57,1.2,22.4,0,0,,,94.9,medium,False,,,,2026-07-16T13:04:53Z
180752,PHOENIX – Book One: Beneath the Wall,Pegasus Lore,https://www.royalroad.com/fiction/180752/phoenix-book-one-beneath-the-wall,2026-07-16T07:31:30Z,2026-07-16T07:31:48Z,10.28,complete,available,5,168,11,80,0,,11.67,392.22,29.76,0.45,15.27,0,0,,,92.12,medium,False,,,,2026-07-16T17:48:36Z
180659,Anastasia's Keystone [Living System LitRPG Lite],OSH,https://www.royalroad.com/fiction/180659/anastasias-keystone-living-system-litrpg-lite,2026-07-15T18:41:10Z,2026-07-15T19:18:13Z,22.51,complete,available,3,92,5,51,2,,3.2,98.11,32.61,0.6,18.4,0,0,,,91.0,medium,False,,,,2026-07-16T13:04:53Z
180744,,Kdanger3398,https://www.royalroad.com/fiction/180744/requiem-for-the-rain-the-silent-storm,2026-07-16T07:31:30Z,,10.29,complete,available,2,20,1,1,1,,4.67,46.67,100.0,2.0,20.0,0,0,,,90.89,low,False,,,,2026-07-16T07:31:30Z
180712,The Soulweaver - Stealing Souls to Cultivate [LitRPG/ Dungeon Crawler],SlumberingLord,https://www.royalroad.com/fiction/180712/the-soulweaver-stealing-souls-to-cultivate-litrpg,2026-07-16T07:31:30Z,2026-07-15T23:39:17Z,18.16,complete,available,8,256,19,184,0,,10.58,338.41,31.25,0.42,13.47,0,0,,,90.86,medium,False,,,,2026-07-16T07:31:30Z
180698,Misfiled Between Worlds,AurianS,https://www.royalroad.com/fiction/180698/misfiled-between-worlds,2026-07-15T22:17:09Z,2026-07-15T20:37:53Z,21.18,complete,available,4,37,2,38,1,,4.53,41.93,108.11,2.0,18.5,0,0,,,90.12,medium,False,,,,2026-07-16T07:31:30Z
180572,BrautzHeim-The dawn of Empire,Frs Aqls Cenas,https://www.royalroad.com/fiction/180572/brautzheim-the-dawn-of-empire,2026-07-15T12:06:35Z,2026-07-16T00:29:31Z,17.32,complete,available,2,42,2,24,1,,2.77,58.21,47.62,1.0,21.0,0,0,,,89.82,medium,False,,,,2026-07-16T17:48:36Z
180596,Dungeon Exploiter,Cal Lee,https://www.royalroad.com/fiction/180596/dungeon-exploiter,2026-07-15T12:06:35Z,2026-07-15T10:42:35Z,31.1,complete,available,4,595,22,89,2,,3.09,459.16,6.72,0.18,27.05,0,0,,,88.27,medium,False,,,,2026-07-16T15:05:50Z
180559,The Crimson Rose,CitizenOfTheInsane,https://www.royalroad.com/fiction/180559/the-crimson-rose,2026-07-15T12:06:35Z,2026-07-15T22:36:02Z,19.21,complete,available,2,76,5,30,0,,2.5,94.95,26.32,0.4,15.2,0,0,,,88.27,medium,False,,,,2026-07-16T17:48:36Z
180613,Beneath the Golden Beam [Progression Fantasy],jack salty,https://www.royalroad.com/fiction/180613/beneath-the-golden-beam-progression-fantasy,2026-07-15T12:06:35Z,2026-07-15T22:00:18Z,19.8,complete,available,4,112,10,35,0,,4.85,135.72,35.71,0.4,11.2,0,0,,,87.34,medium,False,,,,2026-07-16T15:05:50Z
180691,The Girl Who Stole the Gods,Feyground,https://www.royalroad.com/fiction/180691/the-girl-who-stole-the-gods,2026-07-15T22:17:09Z,2026-07-15T19:44:12Z,22.07,complete,available,2,77,5,43,0,,2.17,83.72,25.97,0.4,15.4,0,0,,,86.39,medium,False,,,,2026-07-16T07:31:30Z
180595,Fae Marked Mates,Cleo Denton,https://www.royalroad.com/fiction/180595/fae-marked-mates,2026-07-15T12:06:35Z,2026-07-16T05:27:43Z,12.35,complete,available,1,33,2,8,0,,1.94,64.14,30.3,0.5,16.5,0,0,,,86.2,medium,False,,,,2026-07-16T15:05:50Z
180628,At the Altar of Dragons,caridbrunson,https://www.royalroad.com/fiction/180628/at-the-altar-of-dragons,2026-07-15T12:06:35Z,2026-07-16T11:54:43Z,5.9,complete,available,2,26,3,9,1,,8.0,104.0,76.92,0.67,8.67,0,0,,,85.87,medium,False,,,,2026-07-16T13:04:53Z
180554,Vanguard Of The Void,Ky Robert Phillips,https://www.royalroad.com/fiction/180554/vanguard-of-the-void,2026-07-15T12:06:35Z,2026-07-15T11:36:09Z,30.21,complete,available,3,44,3,27,2,,2.38,34.96,68.18,1.0,14.67,0,0,,,84.89,medium,False,,,,2026-07-16T17:48:36Z
180630,The Composer's Emergency Debut Protocol,Sleepy_17,https://www.royalroad.com/fiction/180630/the-composers-emergency-debut-protocol,2026-07-15T12:06:35Z,2026-07-16T01:58:16Z,15.84,complete,available,1,72,4,28,0,,1.52,109.1,13.89,0.25,18.0,0,0,,,84.79,medium,False,,,,2026-07-16T13:04:53Z
180658,The Exiled Prince's Kingdom Evolution,rrkwrites,https://www.royalroad.com/fiction/180658/the-exiled-princes-kingdom-evolution,2026-07-15T18:41:10Z,2026-07-15T16:00:07Z,25.81,complete,available,2,73,5,14,0,,1.86,67.89,27.4,0.4,14.6,0,0,,,84.77,medium,False,,,,2026-07-16T13:04:53Z
180710,Angel & Demon: The Inquisition,Joshi Matos,https://www.royalroad.com/fiction/180710/angel-demon-the-inquisition,2026-07-16T07:31:30Z,,10.29,complete,available,1,15,1,3,0,,2.33,35.0,66.67,1.0,15.0,0,0,,,84.57,low,False,,,,2026-07-16T07:31:30Z
180633,The Young Miss Who Refused To Die,HaniOfTheNine,https://www.royalroad.com/fiction/180633/the-young-miss-who-refused-to-die,2026-07-15T12:06:35Z,2026-07-15T16:46:33Z,25.03,complete,available,2,44,3,13,0,,1.92,42.18,45.45,0.67,14.67,0,0,,,83.72,medium,False,,,,2026-07-16T13:04:53Z
180569,The Legend I Pretended to Be,LManoob,https://www.royalroad.com/fiction/180569/the-legend-i-pretended-to-be,2026-07-15T12:06:35Z,2026-07-15T10:30:43Z,31.3,complete,available,2,92,6,39,1,,1.53,70.55,21.74,0.33,15.33,0,0,,,83.57,medium,False,,,,2026-07-16T17:48:36Z
180707,RE: Archmages [Launching 7/26],ARIMA Maroon,https://www.royalroad.com/fiction/180707/re-archmages-launching-726,2026-07-15T22:17:09Z,,19.52,complete,available,2,18,1,16,0,,2.46,22.13,111.11,2.0,18.0,0,0,,,83.51,low,False,,,,2026-07-16T07:31:30Z
180653,WHOLE AT NOON [PROGRESSION/ISEKAI],Schrolla,https://www.royalroad.com/fiction/180653/whole-at-noon-progressionisekai,2026-07-15T18:41:10Z,2026-07-15T16:13:27Z,25.59,complete,available,1,110,5,106,0,,0.94,103.18,9.09,0.2,22.0,0,0,,,82.8,medium,False,,,,2026-07-16T13:04:53Z
180657,The Spirit Smith [Isekai LitRPG | Crafting | Magic | Spirit Tamer],Cathrix,https://www.royalroad.com/fiction/180657/the-spirit-smith-isekai-litrpg-crafting-magic,2026-07-15T18:41:10Z,,23.12,complete,available,5,15,1,1,0,,5.19,15.57,333.33,5.0,15.0,0,0,,,82.78,low,False,,,,2026-07-16T13:04:53Z
180635,Tenzen,Rin Writes,https://www.royalroad.com/fiction/180635/tenzen,2026-07-15T12:06:35Z,2026-07-15T12:07:16Z,29.69,complete,available,2,48,3,70,0,,1.62,38.8,41.67,0.67,16.0,0,0,,,82.76,medium,False,,,,2026-07-16T13:04:53Z
180649,The Weight of Wings,Nidavellir Rising,https://www.royalroad.com/fiction/180649/the-weight-of-wings,2026-07-15T18:41:10Z,2026-07-15T12:55:52Z,28.88,complete,available,2,79,6,32,0,,1.66,65.65,25.32,0.33,13.17,0,0,,,82.47,medium,False,,,,2026-07-16T13:04:53Z
180743,,Asteriz,https://www.royalroad.com/fiction/180743/beyond-fear-this-time-ill-live-the-life-ive-always,2026-07-16T07:31:30Z,,10.29,complete,available,1,13,1,1,0,,2.33,30.34,76.92,1.0,13.0,0,0,,,81.93,low,False,,,,2026-07-16T07:31:30Z
180714,The Shinobi game: The Rising Wyvern,Elysian1706,https://www.royalroad.com/fiction/180714/the-shinobi-game-the-rising-wyvern,2026-07-16T07:31:30Z,,10.29,complete,available,1,13,1,7,0,,2.33,30.34,76.92,1.0,13.0,0,0,,,81.93,low,False,,,,2026-07-16T07:31:30Z
180745,,Ririkadesu,https://www.royalroad.com/fiction/180745/that-audhd-girl-hasami-anju,2026-07-16T07:31:30Z,2026-07-16T04:01:17Z,13.79,complete,available,1,34,3,12,0,,1.74,59.18,29.41,0.33,11.33,0,0,,,80.71,medium,False,,,,2026-07-16T07:31:30Z
180584,GALORIA-SEASON 2,Kirk Productions,https://www.royalroad.com/fiction/180584/galoria-season-2,2026-07-15T12:06:35Z,2026-07-15T17:19:18Z,24.49,complete,available,1,93,7,59,0,,0.98,91.15,10.75,0.14,13.29,0,0,,,80.29,medium,False,,,,2026-07-16T17:48:36Z
180643,Whispers of Magic,Henewaa,https://www.royalroad.com/fiction/180643/whispers-of-magic,2026-07-15T12:06:35Z,2026-07-15T16:26:32Z,25.37,complete,available,1,159,12,34,0,,0.95,150.43,6.29,0.08,13.25,0,0,,,80.05,medium,False,,,,2026-07-16T13:04:53Z
180561,Lily's divinity,Yoafz,https://www.royalroad.com/fiction/180561/lilys-divinity,2026-07-15T12:06:35Z,2026-07-15T14:23:26Z,27.42,complete,available,1,43,2,14,1,,0.88,37.64,23.26,0.5,21.5,0,0,,,79.28,medium,False,,,,2026-07-16T17:48:36Z
180734,Level Zero,SympatheticMisery,https://www.royalroad.com/fiction/180734/level-zero,2026-07-16T07:31:30Z,,10.29,complete,available,1,11,1,11,0,,2.33,25.67,90.91,1.0,11.0,0,0,,,78.93,low,False,,,,2026-07-16T07:31:30Z
180725,A Curse Called Peace,Awais_Siddique,https://www.royalroad.com/fiction/180725/a-curse-called-peace,2026-07-16T07:31:30Z,,10.29,complete,available,1,11,1,5,0,,2.33,25.67,90.91,1.0,11.0,0,0,,,78.93,low,False,,,,2026-07-16T07:31:30Z
180642,KENTAKI,Blacklisted,https://www.royalroad.com/fiction/180642/kentaki,2026-07-15T12:06:35Z,2026-07-15T11:46:24Z,30.04,complete,available,1,60,3,14,2,,0.8,47.94,16.67,0.33,20.0,0,0,,,78.04,medium,False,,,,2026-07-16T13:04:53Z
180590,Nihilism,ruiouo,https://www.royalroad.com/fiction/180590/nihilism,2026-07-15T12:06:35Z,2026-07-15T13:22:50Z,28.43,complete,available,1,108,9,66,0,,0.84,91.17,9.26,0.11,12.0,0,0,,,77.72,medium,False,,,,2026-07-16T15:05:50Z
180571,Twisted Fates,Lexa22,https://www.royalroad.com/fiction/180571/twisted-fates,2026-07-15T12:06:35Z,2026-07-15T10:31:06Z,31.29,complete,available,1,99,7,40,0,,0.77,75.93,10.1,0.14,14.14,0,0,,,77.49,medium,False,,,,2026-07-16T17:48:36Z
180650,The Silent Player [english],Aip100,https://www.royalroad.com/fiction/180650/the-silent-player-english,2026-07-15T18:41:10Z,2026-07-15T13:28:23Z,28.34,complete,available,1,67,5,18,0,,0.85,56.75,14.93,0.2,13.4,0,0,,,77.48,medium,False,,,,2026-07-16T13:04:53Z
180644,Crimson Phoenix,TorinHex,https://www.royalroad.com/fiction/180644/crimson-phoenix,2026-07-15T12:06:35Z,2026-07-15T12:54:07Z,28.91,complete,available,1,57,4,32,0,,0.83,47.32,17.54,0.25,14.25,0,0,,,77.34,medium,False,,,,2026-07-16T13:04:53Z
180616,Daughter of Shadows,Bop123,https://www.royalroad.com/fiction/180616/daughter-of-shadows,2026-07-15T12:06:35Z,2026-07-15T11:17:39Z,30.52,complete,available,2,43,4,22,0,,1.57,33.82,46.51,0.5,10.75,0,0,,,77.06,medium,False,,,,2026-07-16T15:05:50Z
180675,Blood Of The Moon,louvcos,https://www.royalroad.com/fiction/180675/blood-of-the-moon,2026-07-15T22:17:09Z,2026-07-16T01:11:43Z,16.61,complete,available,1,118,13,82,0,,1.44,170.45,8.47,0.08,9.08,0,0,,,76.92,medium,False,,,,2026-07-16T07:31:30Z
180605,"I Went Back to 1996 Because I Fell Asleep at My Desk, But AI Had Already Taken My Memory, So Now I'm Starting Over",rhedak1,https://www.royalroad.com/fiction/180605/i-went-back-to-1996-because-i-fell-asleep-at-my,2026-07-15T12:06:35Z,,29.7,complete,available,2,14,1,29,0,,1.62,11.31,142.86,2.0,14.0,0,0,,,76.84,low,False,,,,2026-07-16T15:05:50Z
180599,Fractured Divergence - The Cosmic Jailer,ImperiusRex01,https://www.royalroad.com/fiction/180599/fractured-divergence-the-cosmic-jailer,2026-07-15T12:06:35Z,2026-07-15T13:14:05Z,28.58,complete,available,1,101,9,75,0,,0.84,84.83,9.9,0.11,11.22,0,0,,,76.71,medium,False,,,,2026-07-16T15:05:50Z
180720,The Throne of Ash and Strom,novelfantasy,https://www.royalroad.com/fiction/180720/the-throne-of-ash-and-strom,2026-07-16T07:31:30Z,,10.29,complete,available,1,10,1,10,0,,2.33,23.33,100.0,1.0,10.0,0,0,,,76.55,low,False,,,,2026-07-16T07:31:30Z
180556,The Second Frost,funfkind3689,https://www.royalroad.com/fiction/180556/the-second-frost,2026-07-15T12:06:35Z,2026-07-15T19:27:32Z,22.35,complete,available,1,234,25,164,0,,1.07,251.26,4.27,0.04,9.36,0,0,,,76.5,medium,False,,,,2026-07-16T17:48:36Z
180564,GODLESS,swiffti,https://www.royalroad.com/fiction/180564/godless,2026-07-15T12:06:35Z,2026-07-15T15:27:44Z,26.35,complete,available,1,59,5,25,0,,0.91,53.74,16.95,0.2,11.8,0,0,,,76.31,medium,False,,,,2026-07-16T17:48:36Z
180626,Tale of the Possessor,Insanegooseman,https://www.royalroad.com/fiction/180626/tale-of-the-possessor,2026-07-15T12:06:35Z,2026-07-16T01:31:27Z,16.29,complete,available,1,39,4,25,0,,1.47,57.47,25.64,0.25,9.75,0,0,,,76.14,medium,False,,,,2026-07-16T15:05:50Z
180557,NEXUS: A New Era,Nika sama_00,https://www.royalroad.com/fiction/180557/nexus-a-new-era,2026-07-15T12:06:35Z,2026-07-15T11:34:18Z,30.24,complete,available,1,36,2,8,0,,0.79,28.57,27.78,0.5,18.0,0,0,,,75.69,medium,False,,,,2026-07-16T17:48:36Z
180575,The Coward Reborn As Prince[english],Aip100,https://www.royalroad.com/fiction/180575/the-coward-reborn-as-princeenglish,2026-07-15T12:06:35Z,2026-07-15T13:30:48Z,28.3,complete,available,1,59,5,18,0,,0.85,50.04,16.95,0.2,11.8,0,0,,,75.37,medium,False,,,,2026-07-16T17:48:36Z
180636,The Practice of Dr. Hale,himawari404,https://www.royalroad.com/fiction/180636/the-practice-of-dr-hale,2026-07-15T12:06:35Z,2026-07-15T11:20:17Z,30.47,complete,available,1,76,6,39,0,,0.79,59.86,13.16,0.17,12.67,0,0,,,75.31,medium,False,,,,2026-07-16T13:04:53Z
180651,Battle of heirs.,Ernesty,https://www.royalroad.com/fiction/180651/battle-of-heirs,2026-07-15T18:41:10Z,2026-07-15T14:32:14Z,27.27,complete,available,1,38,3,6,0,,0.88,33.44,26.32,0.33,12.67,0,0,,,75.12,medium,False,,,,2026-07-16T13:04:53Z
180673,Monster Hunter: Reborn in another world,Heavenreaper,https://www.royalroad.com/fiction/180673/monster-hunter-reborn-in-another-world,2026-07-15T18:41:10Z,2026-07-15T18:39:20Z,23.15,complete,available,1,24,2,20,0,,1.04,24.88,41.67,0.5,12.0,0,0,,,74.95,medium,False,,,,2026-07-16T07:31:30Z
180730,The Heart Star,projd,https://www.royalroad.com/fiction/180730/the-heart-star,2026-07-16T07:31:30Z,,10.29,complete,available,1,9,1,9,0,,2.33,21.0,111.11,1.0,9.0,0,0,,,74.57,low,False,,,,2026-07-16T07:31:30Z
180660,I Reincarnated in a Basketball LitRPG and Kept My NBA Stats,hayyanu,https://www.royalroad.com/fiction/180660/i-reincarnated-in-a-basketball-litrpg-and-kept,2026-07-15T18:41:10Z,2026-07-15T18:02:58Z,23.76,complete,available,1,24,2,19,0,,1.01,24.24,41.67,0.5,12.0,0,0,,,74.56,medium,False,,,,2026-07-16T13:04:53Z
180737,Soul Searching Warrior,bulletcount,https://www.royalroad.com/fiction/180737/soul-searching-warrior,2026-07-16T07:31:30Z,2026-07-16T01:07:00Z,16.69,complete,available,1,147,24,121,0,,1.44,211.34,6.8,0.04,6.12,0,0,,,73.9,medium,False,,,,2026-07-16T07:31:30Z
180562,The Frost Devil Herself,ThePhantomSlayer,https://www.royalroad.com/fiction/180562/the-frost-devil-herself,2026-07-15T12:06:35Z,,29.7,complete,available,1,18,1,4,0,,0.81,14.55,55.56,1.0,18.0,0,0,,,73.56,low,False,,,,2026-07-16T17:48:36Z
180617,Reborn to my third life I shall destroy my fate,Arham0019,https://www.royalroad.com/fiction/180617/reborn-to-my-third-life-i-shall-destroy-my-fate,2026-07-15T12:06:35Z,2026-07-15T11:37:08Z,30.19,complete,available,1,62,6,30,0,,0.79,49.29,16.13,0.17,10.33,0,0,,,71.62,medium,False,,,,2026-07-16T15:05:50Z
180670,Maya - The Miraculous Child,maysirin,https://www.royalroad.com/fiction/180670/maya-the-miraculous-child,2026-07-15T18:41:10Z,2026-07-15T18:38:00Z,23.18,complete,available,1,11,1,11,0,,1.04,11.39,90.91,1.0,11.0,0,0,,,70.65,medium,False,,,,2026-07-16T07:31:30Z
180695,Contest of Ages (Pokemon),kikiru,https://www.royalroad.com/fiction/180695/contest-of-ages-pokemon,2026-07-15T22:17:09Z,,19.52,complete,available,1,10,1,12,0,,1.23,12.29,100.0,1.0,10.0,0,0,,,70.34,low,False,,,,2026-07-16T07:31:30Z
180585,Royal Aradia: The Railroad Kingdom Journey to the Netherverse,William Chao,https://www.royalroad.com/fiction/180585/royal-aradia-the-railroad-kingdom-journey-to-the,2026-07-15T12:06:35Z,,29.7,complete,available,1,12,1,4,0,,0.81,9.7,83.33,1.0,12.0,0,0,,,68.39,low,False,,,,2026-07-16T17:48:36Z
180583,No Ax to Grind,capatte,https://www.royalroad.com/fiction/180583/no-ax-to-grind,2026-07-15T12:06:35Z,,29.7,complete,available,1,11,1,5,0,,0.81,8.89,90.91,1.0,11.0,0,0,,,66.31,low,False,,,,2026-07-16T17:48:36Z
180637,Beyond the Stars: Civilization,ENDF13LD,https://www.royalroad.com/fiction/180637/beyond-the-stars-civilization,2026-07-15T12:06:35Z,,29.7,complete,available,1,8,1,1,0,,0.81,6.46,125.0,1.0,8.0,0,0,,,61.3,low,False,,,,2026-07-16T13:04:53Z
180624,A Symphony of Ash and Tide,Dreamm,https://www.royalroad.com/fiction/180624/a-symphony-of-ash-and-tide,2026-07-15T12:06:35Z,,29.7,complete,available,1,7,1,12,0,,0.81,5.66,142.86,1.0,7.0,0,0,,,60.35,low,False,,,,2026-07-16T15:05:50Z
180665,Petty Nuisance,JamesAndersonFoster,https://www.royalroad.com/fiction/180665/petty-nuisance,2026-07-15T18:41:10Z,2026-07-15T17:51:34Z,23.95,complete,available,0,76,4,36,0,,0.0,76.16,0.0,0.0,19.0,0,0,,,53.72,medium,False,,,,2026-07-16T13:04:53Z
180754,,Evilism Rai,https://www.royalroad.com/fiction/180754/i-am-just-an-ordinary-cultivator,2026-07-16T13:04:53Z,2026-07-16T09:15:58Z,8.54,complete,available,0,53,4,27,0,,0.0,148.88,0.0,0.0,13.25,0,0,,,53.36,medium,False,,,,2026-07-16T13:04:53Z
180753,,mrjapturk,https://www.royalroad.com/fiction/180753/nothing-the-god-of-nothingness,2026-07-16T13:04:53Z,,4.73,complete,available,0,18,1,4,0,,0.0,72.0,0.0,0.0,18.0,0,0,,,53.17,low,False,,,,2026-07-16T13:04:53Z
180627,Dystopian Tomorrow: Radio Broadcasting from the Fictional Future.,Anka B Troitsky,https://www.royalroad.com/fiction/180627/dystopian-tomorrow-radio-broadcasting-from-the,2026-07-15T12:06:35Z,2026-07-16T09:37:11Z,8.19,complete,available,0,28,2,2,0,,0.0,82.05,0.0,0.0,14.0,0,0,,,52.57,medium,False,,,,2026-07-16T13:04:53Z
180634,The Iliad’s Odyssey: Cyber-Apocalypse and the Eternal Möbius Strip；Ovid’s Fabricated Garb 【English】,Rympaskylos,https://www.royalroad.com/fiction/180634/the-iliads-odyssey-cyber-apocalypse-and-the-eternal,2026-07-15T12:06:35Z,2026-07-15T11:08:29Z,30.67,complete,available,0,98,7,127,1,,0.0,76.69,0.0,0.0,14.0,0,0,,,52.27,medium,False,,,,2026-07-16T13:04:53Z
180664,THE HOLLOW CULTIVATOR,Erick N Francis,https://www.royalroad.com/fiction/180664/the-hollow-cultivator,2026-07-15T18:41:10Z,2026-07-16T06:22:20Z,11.44,complete,available,0,37,3,18,0,,0.0,77.64,0.0,0.0,12.33,0,0,,,51.11,medium,False,,,,2026-07-16T13:04:53Z
180588,Death of peace of mind,Any90,https://www.royalroad.com/fiction/180588/death-of-peace-of-mind,2026-07-15T12:06:35Z,2026-07-15T11:06:42Z,30.7,complete,available,0,81,6,67,0,,0.0,63.33,0.0,0.0,13.5,0,0,,,50.66,medium,False,,,,2026-07-16T15:05:50Z
180610,Graven,Signus,https://www.royalroad.com/fiction/180610/graven,2026-07-15T12:06:35Z,2026-07-15T11:00:27Z,30.8,complete,available,0,81,6,59,0,,0.0,63.11,0.0,0.0,13.5,0,0,,,50.56,medium,False,,,,2026-07-16T15:05:50Z
180748,,The Uncrowned One,https://www.royalroad.com/fiction/180748/lantern-fantasy-return-of-the-demon-king,2026-07-16T07:31:30Z,2026-07-16T05:00:06Z,12.81,complete,available,0,100,10,67,0,,0.0,187.38,0.0,0.0,10.0,0,0,,,49.99,medium,False,,,,2026-07-16T07:31:30Z
180638,SYSTELIA: Becoming a Vagabond in Another World with a Unique System,myexp.dev,https://www.royalroad.com/fiction/180638/systelia-becoming-a-vagabond-in-another-world,2026-07-15T12:06:35Z,2026-07-15T12:34:57Z,29.23,complete,available,0,127,12,88,0,,0.0,104.29,0.0,0.0,10.58,0,0,,,49.9,medium,False,,,,2026-07-16T13:04:53Z
180570,Scissor Killer,Scott Doyle,https://www.royalroad.com/fiction/180570/scissor-killer,2026-07-15T12:06:35Z,2026-07-16T16:06:48Z,1.7,complete,available,0,22,2,45,0,,0.0,88.0,0.0,0.0,11.0,0,0,,,49.83,medium,False,,,,2026-07-16T17:48:36Z
180615,My Isekai Only Lasts Three Days,NicolasMickahell,https://www.royalroad.com/fiction/180615/my-isekai-only-lasts-three-days,2026-07-15T12:06:35Z,2026-07-15T14:30:21Z,27.3,complete,available,0,57,4,35,0,,0.0,50.1,0.0,0.0,14.25,0,0,,,49.74,medium,False,,,,2026-07-16T15:05:50Z
180609,"Flowers Wilt, Weeds Thrive",Brian Wood-Koiwa,https://www.royalroad.com/fiction/180609/flowers-wilt-weeds-thrive,2026-07-15T12:06:35Z,2026-07-15T22:25:40Z,19.38,complete,available,0,41,3,24,0,,0.0,50.77,0.0,0.0,13.67,0,0,,,49.36,medium,False,,,,2026-07-16T15:05:50Z
180566,The Heroes are pure psycho,Snap2surplus,https://www.royalroad.com/fiction/180566/the-heroes-are-pure-psycho,2026-07-15T12:06:35Z,2026-07-15T23:07:16Z,18.69,complete,available,0,31,2,10,0,,0.0,39.81,0.0,0.0,15.5,0,0,,,48.77,medium,False,,,,2026-07-16T17:48:36Z
180761,I Clicked the Link,Gylden K.,https://www.royalroad.com/fiction/180761/i-clicked-the-link,2026-07-16T17:48:36Z,,0.0,complete,available,0,13,1,9,0,,0.0,52.0,0.0,0.0,13.0,0,0,,,48.73,low,False,,,,2026-07-16T17:48:36Z
180619,The Idiot’s Tale,SaraiRosemarySherGil,https://www.royalroad.com/fiction/180619/the-idiots-tale,2026-07-15T12:06:35Z,2026-07-15T10:56:06Z,30.88,complete,available,0,56,4,22,0,,0.0,43.53,0.0,0.0,14.0,0,0,,,48.46,medium,False,,,,2026-07-16T15:05:50Z
180647,Master Of REALITIES {M.O.R},GARU Is pro,https://www.royalroad.com/fiction/180647/master-of-realities-mor,2026-07-15T18:41:10Z,2026-07-15T16:27:34Z,25.35,complete,available,0,43,3,13,0,,0.0,40.71,0.0,0.0,14.33,0,0,,,48.41,medium,False,,,,2026-07-16T13:04:53Z
180594,"Old Planet, New Home",Somethingthegreat,https://www.royalroad.com/fiction/180594/old-planet-new-home,2026-07-15T12:06:35Z,2026-07-15T14:44:31Z,27.07,complete,available,0,59,5,24,0,,0.0,52.31,0.0,0.0,11.8,0,0,,,47.65,medium,False,,,,2026-07-16T15:05:50Z
180742,,Mofu Tofu,https://www.royalroad.com/fiction/180742/beyond-the-abyss,2026-07-16T07:31:30Z,,10.29,complete,available,0,15,1,4,0,,0.0,35.0,0.0,0.0,15.0,0,0,,,47.61,low,False,,,,2026-07-16T07:31:30Z
180759,The Pretentious Cultivator,Rayne Avery,https://www.royalroad.com/fiction/180759/the-pretentious-cultivator,2026-07-16T17:48:36Z,,0.0,complete,available,0,12,1,11,0,,0.0,48.0,0.0,0.0,12.0,0,0,,,47.5,low,False,,,,2026-07-16T17:48:36Z
180669,Blood Rune,Neverend23,https://www.royalroad.com/fiction/180669/blood-rune,2026-07-15T18:41:10Z,2026-07-15T18:37:13Z,23.19,complete,available,0,62,6,43,0,,0.0,64.17,0.0,0.0,10.33,0,0,,,47.49,medium,False,,,,2026-07-16T13:04:53Z
180696,The Sevenfold Memory,Mytharc,https://www.royalroad.com/fiction/180696/the-sevenfold-memory,2026-07-15T22:17:09Z,2026-07-16T02:45:38Z,15.05,complete,available,0,165,21,338,0,,0.0,263.13,0.0,0.0,7.86,0,0,,,47.48,medium,False,,,,2026-07-16T07:31:30Z
180579,A Ghost In The Code,MayaLilz,https://www.royalroad.com/fiction/180579/a-ghost-in-the-code,2026-07-15T12:06:35Z,2026-07-16T01:28:09Z,16.34,complete,available,0,27,2,7,0,,0.0,39.66,0.0,0.0,13.5,0,0,,,47.46,medium,False,,,,2026-07-16T17:48:36Z
180558,The red cloaks (the last dynasty vol 2),Mungal,https://www.royalroad.com/fiction/180558/the-red-cloaks-the-last-dynasty-vol-2,2026-07-15T12:06:35Z,2026-07-15T10:26:34Z,31.37,complete,available,0,53,4,13,0,,0.0,40.55,0.0,0.0,13.25,0,0,,,47.36,medium,False,,,,2026-07-16T17:48:36Z
180666,Palworld we are all Pals Here,MSWolfsbane,https://www.royalroad.com/fiction/180666/palworld-we-are-all-pals-here,2026-07-15T18:41:10Z,2026-07-16T03:40:01Z,14.14,complete,available,0,33,3,24,0,,0.0,56.0,0.0,0.0,11.0,0,0,,,47.02,medium,False,,,,2026-07-16T13:04:53Z
180722,The last vaelor,Daga rafuru,https://www.royalroad.com/fiction/180722/the-last-vaelor,2026-07-16T07:31:30Z,2026-07-16T04:54:36Z,12.9,complete,available,0,31,3,14,0,,0.0,57.67,0.0,0.0,10.33,0,0,,,46.59,medium,False,,,,2026-07-16T07:31:30Z
180674,Blood on slik,Rini tu,https://www.royalroad.com/fiction/180674/blood-on-slik,2026-07-15T18:41:10Z,2026-07-15T18:40:16Z,23.14,complete,available,0,53,5,15,0,,0.0,54.97,0.0,0.0,10.6,0,0,,,46.34,medium,False,,,,2026-07-16T07:31:30Z
180623,Soulless Loners,Vik Longman,https://www.royalroad.com/fiction/180623/soulless-loners,2026-07-15T12:06:35Z,2026-07-16T12:20:30Z,5.47,complete,available,0,18,2,2,0,,0.0,72.0,0.0,0.0,9.0,0,0,,,46.26,medium,False,,,,2026-07-16T15:05:50Z
180687,The World That I Only Know,Cloudbornsoul,https://www.royalroad.com/fiction/180687/the-world-that-i-only-know,2026-07-15T22:17:09Z,2026-07-15T21:40:43Z,20.13,complete,available,0,55,6,36,0,,0.0,65.57,0.0,0.0,9.17,0,0,,,46.24,medium,False,,,,2026-07-16T07:31:30Z
180577,The Druid Prophecy,JLStewart,https://www.royalroad.com/fiction/180577/the-druid-prophecy,2026-07-15T12:06:35Z,2026-07-15T23:10:59Z,18.63,complete,available,0,34,3,24,0,,0.0,43.81,0.0,0.0,11.33,0,0,,,46.17,medium,False,,,,2026-07-16T17:48:36Z
180597,The Ultimate Billionaire,BillMax,https://www.royalroad.com/fiction/180597/the-ultimate-billionaire,2026-07-15T12:06:35Z,2026-07-15T10:42:40Z,31.1,complete,available,0,56,5,24,0,,0.0,43.22,0.0,0.0,11.2,0,0,,,45.82,medium,False,,,,2026-07-16T15:05:50Z
180765,Broker: The Chained Dragon,YOU-niverse,https://www.royalroad.com/fiction/180765/broker-the-chained-dragon,2026-07-16T17:48:36Z,,0.0,complete,available,0,11,1,3,0,,0.0,44.0,0.0,0.0,11.0,0,0,,,45.67,low,False,,,,2026-07-16T17:48:36Z
180764,Zombies of the Three Kingdoms,jasperyuan,https://www.royalroad.com/fiction/180764/zombies-of-the-three-kingdoms,2026-07-16T17:48:36Z,,0.0,complete,available,0,11,1,9,0,,0.0,44.0,0.0,0.0,11.0,0,0,,,45.67,low,False,,,,2026-07-16T17:48:36Z
180587,Story of a Divergent,nonconformist,https://www.royalroad.com/fiction/180587/story-of-a-divergent,2026-07-15T12:06:35Z,2026-07-15T13:30:29Z,28.3,complete,available,0,39,3,4,0,,0.0,33.07,0.0,0.0,13.0,0,0,,,45.53,medium,False,,,,2026-07-16T17:48:36Z
180620,Chaos Ascendant ; The Law's Of A Character,Kalan Drexler,https://www.royalroad.com/fiction/180620/chaos-ascendant-the-laws-of-a-character,2026-07-15T12:06:35Z,2026-07-16T13:18:23Z,4.5,complete,available,0,16,2,7,0,,0.0,64.0,0.0,0.0,8.0,0,0,,,44.35,medium,False,,,,2026-07-16T15:05:50Z
180582,child of war,ragna55ragna,https://www.royalroad.com/fiction/180582/child-of-war,2026-07-15T12:06:35Z,2026-07-15T16:17:06Z,25.52,complete,available,0,35,3,10,0,,0.0,32.91,0.0,0.0,11.67,0,0,,,44.15,medium,False,,,,2026-07-16T17:48:36Z
180560,Yuri Sadisuto,Claudia_T_Traveler,https://www.royalroad.com/fiction/180560/yuri-sadisuto,2026-07-15T12:06:35Z,2026-07-15T21:44:21Z,20.07,complete,available,0,24,2,16,0,,0.0,28.7,0.0,0.0,12.0,0,0,,,43.7,medium,False,,,,2026-07-16T17:48:36Z
180758,,Lhowkey,https://www.royalroad.com/fiction/180758/the-heavenly-library,2026-07-16T15:05:50Z,2026-07-16T14:00:12Z,3.81,complete,available,0,20,4,14,0,,0.0,80.0,0.0,0.0,5.0,0,0,,,43.64,medium,False,,,,2026-07-16T15:05:50Z
180614,Call of the tower,Sol Umbra,https://www.royalroad.com/fiction/180614/call-of-the-tower,2026-07-15T12:06:35Z,2026-07-16T05:26:21Z,12.37,complete,available,0,31,4,18,0,,0.0,60.14,0.0,0.0,7.75,0,0,,,43.53,medium,False,,,,2026-07-16T15:05:50Z
180621,Transformers: Spark of Truth,Supersoft2012,https://www.royalroad.com/fiction/180621/transformers-spark-of-truth,2026-07-15T12:06:35Z,2026-07-15T15:24:14Z,26.41,complete,available,0,41,4,9,0,,0.0,37.26,0.0,0.0,10.25,0,0,,,43.39,medium,False,,,,2026-07-16T15:05:50Z
180749,,Noam Buddy,https://www.royalroad.com/fiction/180749/system-null,2026-07-16T07:31:30Z,,10.29,complete,available,0,12,1,11,0,,0.0,28.0,0.0,0.0,12.0,0,0,,,43.2,low,False,,,,2026-07-16T07:31:30Z
180729,RED FILES USSR: The Classified Dossiers,Red Files USSR,https://www.royalroad.com/fiction/180729/red-files-ussr-the-classified-dossiers,2026-07-16T07:31:30Z,,10.29,complete,available,0,12,1,5,0,,0.0,28.0,0.0,0.0,12.0,0,0,,,43.2,low,False,,,,2026-07-16T07:31:30Z
180593,Stellar Odyssey,PixelSLeuth,https://www.royalroad.com/fiction/180593/stellar-odyssey,2026-07-15T12:06:35Z,2026-07-15T23:23:10Z,18.42,complete,available,0,23,2,44,0,,0.0,29.96,0.0,0.0,11.5,0,0,,,43.17,medium,False,,,,2026-07-16T15:05:50Z
180735,The World of The Scythe: The Age of Technology,Maxwell_R,https://www.royalroad.com/fiction/180735/the-world-of-the-scythe-the-age-of-technology,2026-07-16T07:31:30Z,2026-07-16T05:17:35Z,12.52,complete,available,0,20,2,12,0,,0.0,38.35,0.0,0.0,10.0,0,0,,,43.09,medium,False,,,,2026-07-16T07:31:30Z
180756,,TheIrregularScribe,https://www.royalroad.com/fiction/180756/the-ruthless-thunder-knight,2026-07-16T13:04:53Z,2026-07-16T12:15:38Z,5.55,complete,available,0,17,3,24,0,,0.0,68.0,0.0,0.0,5.67,0,0,,,42.97,medium,False,,,,2026-07-16T13:04:53Z
180689,Refulgent Essence,Arrogant Apple,https://www.royalroad.com/fiction/180689/refulgent-essence,2026-07-15T22:17:09Z,2026-07-15T22:19:49Z,19.48,complete,available,0,23,2,12,0,,0.0,28.34,0.0,0.0,11.5,0,0,,,42.87,medium,False,,,,2026-07-16T07:31:30Z
180618,Marcuiz,savioreu,https://www.royalroad.com/fiction/180618/marcuiz,2026-07-15T12:06:35Z,2026-07-15T18:01:25Z,23.79,complete,available,0,32,3,10,0,,0.0,32.29,0.0,0.0,10.67,0,0,,,42.69,medium,False,,,,2026-07-16T15:05:50Z
180711,Project P.A.R.A.D.I.S.E. Vol. 1: The Boss,zetsu12,https://www.royalroad.com/fiction/180711/project-paradise-vol-1-the-boss,2026-07-16T07:31:30Z,2026-07-16T00:40:11Z,17.14,complete,available,0,28,3,28,0,,0.0,39.21,0.0,0.0,9.33,0,0,,,42.58,medium,False,,,,2026-07-16T07:31:30Z
180574,Hunter of the Dead[english],Aip100,https://www.royalroad.com/fiction/180574/hunter-of-the-deadenglish,2026-07-15T12:06:35Z,2026-07-15T18:09:19Z,23.65,complete,available,0,24,2,8,0,,0.0,24.35,0.0,0.0,12.0,0,0,,,42.3,medium,False,,,,2026-07-16T17:48:36Z
180760,Life Record,Mariana Hdz,https://www.royalroad.com/fiction/180760/life-record,2026-07-16T17:48:36Z,,0.0,complete,available,0,9,1,3,0,,0.0,36.0,0.0,0.0,9.0,0,0,,,41.51,low,False,,,,2026-07-16T17:48:36Z
180731,"I Came to Tokyo for a Job, Not to Fall in My Boss",omnizs,https://www.royalroad.com/fiction/180731/i-came-to-tokyo-for-a-job-not-to-fall-in-my-boss,2026-07-16T07:31:30Z,,10.29,complete,available,0,11,1,7,0,,0.0,25.67,0.0,0.0,11.0,0,0,,,41.22,low,False,,,,2026-07-16T07:31:30Z
180708,MAGE/TRIGGER,Hypersnow,https://www.royalroad.com/fiction/180708/magetrigger,2026-07-15T22:17:09Z,,19.52,complete,available,0,14,1,4,0,,0.0,17.21,0.0,0.0,14.0,0,0,,,40.96,low,False,,,,2026-07-16T07:31:30Z
180568,The Fall Of Nythera.,Maye Scaver,https://www.royalroad.com/fiction/180568/the-fall-of-nythera,2026-07-15T12:06:35Z,,29.7,complete,available,0,17,1,4,0,,0.0,13.74,0.0,0.0,17.0,0,0,,,40.66,low,False,,,,2026-07-16T17:48:36Z
180693,The Nuremberg egg,Melita Rose,https://www.royalroad.com/fiction/180693/the-nuremberg-egg,2026-07-15T22:17:09Z,2026-07-16T06:00:25Z,11.8,complete,available,0,17,2,3,0,,0.0,34.57,0.0,0.0,8.5,0,0,,,40.55,medium,False,,,,2026-07-16T07:31:30Z
180565,VagaBond,Broshi77,https://www.royalroad.com/fiction/180565/vagabond,2026-07-15T12:06:35Z,,29.7,complete,available,0,16,1,5,0,,0.0,12.93,0.0,0.0,16.0,0,0,,,40.13,low,False,,,,2026-07-16T17:48:36Z
180663,The Fourth Sinner (WN),silenthe1l,https://www.royalroad.com/fiction/180663/the-fourth-sinner-wn,2026-07-15T18:41:10Z,,23.12,complete,available,0,14,1,20,0,,0.0,14.53,0.0,0.0,14.0,0,0,,,39.85,low,False,,,,2026-07-16T13:04:53Z
180684,The Teen Player Reborn as a Child NPC Conquers the Dungeon!(The First Multiverse: Eden Online),kaihoshinkyushu,https://www.royalroad.com/fiction/180684/the-teen-player-reborn-as-a-child-npc-conquers,2026-07-15T22:17:09Z,,19.52,complete,available,0,13,1,3,0,,0.0,15.98,0.0,0.0,13.0,0,0,,,39.42,low,False,,,,2026-07-16T07:31:30Z
180776,Detrás del follaje (Español),Medianoche del Alma,https://www.royalroad.com/fiction/180776/detras-del-follaje-espanol,2026-07-16T17:48:36Z,,0.0,complete,available,0,8,1,0,0,,0.0,32.0,0.0,0.0,8.0,0,0,,,39.3,low,False,,,,2026-07-16T17:48:36Z
180775,Rick The Wanderer,Coswick,https://www.royalroad.com/fiction/180775/rick-the-wanderer,2026-07-16T17:48:36Z,,0.0,complete,available,0,8,1,7,0,,0.0,32.0,0.0,0.0,8.0,0,0,,,39.3,low,False,,,,2026-07-16T17:48:36Z
180763,Destiny: Nightfall,OrionDeity,https://www.royalroad.com/fiction/180763/destiny-nightfall,2026-07-16T17:48:36Z,,0.0,complete,available,0,8,1,8,0,,0.0,32.0,0.0,0.0,8.0,0,0,,,39.3,low,False,,,,2026-07-16T17:48:36Z
180762,Kagero: Rise Of The Cursed One,S AMY,https://www.royalroad.com/fiction/180762/kagero-rise-of-the-cursed-one,2026-07-16T17:48:36Z,,0.0,complete,available,0,8,1,1,0,,0.0,32.0,0.0,0.0,8.0,0,0,,,39.3,low,False,,,,2026-07-16T17:48:36Z
180728,Beneath HIS Rule,FUTURE_CREED,https://www.royalroad.com/fiction/180728/beneath-his-rule,2026-07-16T07:31:30Z,2026-07-16T05:12:15Z,12.61,complete,available,0,16,2,10,0,,0.0,30.46,0.0,0.0,8.0,0,0,,,39.05,medium,False,,,,2026-07-16T07:31:30Z
180607,Minus : The Defecit Mage,S.E.Crofton,https://www.royalroad.com/fiction/180607/minus-the-defecit-mage,2026-07-15T12:06:35Z,2026-07-16T01:02:49Z,16.76,complete,available,0,18,2,12,0,,0.0,25.77,0.0,0.0,9.0,0,0,,,38.8,medium,False,,,,2026-07-16T15:05:50Z
180699,Shorelines,calbi,https://www.royalroad.com/fiction/180699/shorelines,2026-07-15T22:17:09Z,,19.52,complete,available,0,12,1,10,1,,0.0,14.75,0.0,0.0,12.0,0,0,,,38.5,low,False,,,,2026-07-16T07:31:30Z
180739,,GummyDummy749,https://www.royalroad.com/fiction/180739/the-heir-of-aurora,2026-07-16T07:31:30Z,,10.29,complete,available,0,10,1,8,0,,0.0,23.33,0.0,0.0,10.0,0,0,,,38.48,low,False,,,,2026-07-16T07:31:30Z
180738,,TheHumanGaze,https://www.royalroad.com/fiction/180738/the-war-on-halek,2026-07-16T07:31:30Z,,10.29,complete,available,0,10,1,11,0,,0.0,23.33,0.0,0.0,10.0,0,0,,,38.48,low,False,,,,2026-07-16T07:31:30Z
180736,Portal Fantasy,FicTion HaVen,https://www.royalroad.com/fiction/180736/portal-fantasy,2026-07-16T07:31:30Z,,10.29,complete,available,0,10,1,1,0,,0.0,23.33,0.0,0.0,10.0,0,0,,,38.48,low,False,,,,2026-07-16T07:31:30Z
180733,Artimus Stargazer,Morton Edmund Burke,https://www.royalroad.com/fiction/180733/artimus-stargazer,2026-07-16T07:31:30Z,,10.29,complete,available,0,10,1,7,0,,0.0,23.33,0.0,0.0,10.0,0,0,,,38.48,low,False,,,,2026-07-16T07:31:30Z
180727,A Life in a World I Never Asked To Be In,xuper,https://www.royalroad.com/fiction/180727/a-life-in-a-world-i-never-asked-to-be-in,2026-07-16T07:31:30Z,,10.29,complete,available,0,10,1,2,0,,0.0,23.33,0.0,0.0,10.0,0,0,,,38.48,low,False,,,,2026-07-16T07:31:30Z
180724,Echo-Dive,Alexander Thorn,https://www.royalroad.com/fiction/180724/echo-dive,2026-07-16T07:31:30Z,,10.29,complete,available,0,10,1,2,0,,0.0,23.33,0.0,0.0,10.0,0,0,,,38.48,low,False,,,,2026-07-16T07:31:30Z
180721,The House that Tolerance Built,foreshadowed,https://www.royalroad.com/fiction/180721/the-house-that-tolerance-built,2026-07-16T07:31:30Z,,10.29,complete,available,0,10,1,0,0,,0.0,23.33,0.0,0.0,10.0,0,0,,,38.48,low,False,,,,2026-07-16T07:31:30Z
180713,Luzbenia's Fables,Luzbenia,https://www.royalroad.com/fiction/180713/luzbenias-fables,2026-07-16T07:31:30Z,,10.29,complete,available,0,10,1,1,0,,0.0,23.33,0.0,0.0,10.0,0,0,,,38.48,low,False,,,,2026-07-16T07:31:30Z
180632,After Unity,konfit,https://www.royalroad.com/fiction/180632/after-unity,2026-07-15T12:06:35Z,,29.7,complete,available,0,14,1,1,0,,0.0,11.31,0.0,0.0,14.0,0,0,,,38.4,low,False,,,,2026-07-16T13:04:53Z
180667,ARCHON,Archon series,https://www.royalroad.com/fiction/180667/archon,2026-07-15T18:41:10Z,,23.12,complete,available,0,13,1,12,0,,0.0,13.49,0.0,0.0,13.0,0,0,,,38.32,low,False,,,,2026-07-16T13:04:53Z
180702,The Reincarnated Three on the Immortal Path,RuiLi_TheAlchemist,https://www.royalroad.com/fiction/180702/the-reincarnated-three-on-the-immortal-path,2026-07-15T22:17:09Z,2026-07-15T20:52:34Z,20.93,complete,available,0,20,2,31,0,,0.0,22.93,0.0,0.0,10.0,0,0,,,37.98,medium,False,,,,2026-07-16T07:31:30Z
180705,Lands of Perdition,Z.Author,https://www.royalroad.com/fiction/180705/lands-of-perdition,2026-07-15T22:17:09Z,2026-07-15T21:01:57Z,20.78,complete,available,0,19,2,4,0,,0.0,21.95,0.0,0.0,9.5,0,0,,,37.2,medium,False,,,,2026-07-16T07:31:30Z
180771,Zagor Mariell: Chronicles of the Unchosen,Zerreda Mariell,https://www.royalroad.com/fiction/180771/zagor-mariell-chronicles-of-the-unchosen,2026-07-16T17:48:36Z,,0.0,complete,available,0,7,1,3,0,,0.0,28.0,0.0,0.0,7.0,0,0,,,37.19,low,False,,,,2026-07-16T17:48:36Z
180769,Blueprints for a Fulfilling Life: An Engineer in Another World,Blindout,https://www.royalroad.com/fiction/180769/blueprints-for-a-fulfilling-life-an-engineer-in,2026-07-16T17:48:36Z,,0.0,complete,available,0,7,1,4,0,,0.0,28.0,0.0,0.0,7.0,0,0,,,37.19,low,False,,,,2026-07-16T17:48:36Z
180755,,Zachisepic9,https://www.royalroad.com/fiction/180755/god-within-the-sun,2026-07-16T13:04:53Z,,4.73,complete,available,0,7,1,2,0,,0.0,28.0,0.0,0.0,7.0,0,0,,,37.19,low,False,,,,2026-07-16T13:04:53Z
180631,The Extra's Extra life,carefreewriter,https://www.royalroad.com/fiction/180631/the-extras-extra-life,2026-07-15T12:06:35Z,,29.7,complete,available,0,13,1,5,0,,0.0,10.5,0.0,0.0,13.0,0,0,,,37.17,low,False,,,,2026-07-16T13:04:53Z
180581,Monster High Monstrous Protection,Psycho_Ranger,https://www.royalroad.com/fiction/180581/monster-high-monstrous-protection,2026-07-15T12:06:35Z,,29.7,complete,available,0,13,1,18,0,,0.0,10.5,0.0,0.0,13.0,0,0,,,37.17,low,False,,,,2026-07-16T17:48:36Z
180750,,saintofcookies,https://www.royalroad.com/fiction/180750/dread-of-solace,2026-07-16T07:31:30Z,2026-07-16T05:59:48Z,11.81,complete,available,0,13,2,16,0,,0.0,26.41,0.0,0.0,6.5,0,0,,,36.46,medium,False,,,,2026-07-16T07:31:30Z
180692,Her Top - Tier Bodyguard,kevincc,https://www.royalroad.com/fiction/180692/her-top-tier-bodyguard,2026-07-15T22:17:09Z,,19.52,complete,available,0,11,1,8,0,,0.0,13.52,0.0,0.0,11.0,0,0,,,36.36,low,False,,,,2026-07-16T07:31:30Z
180679,Scarlet Wake (Tales from Titanstep #3),RevAdamThomas,https://www.royalroad.com/fiction/180679/scarlet-wake-tales-from-titanstep-3,2026-07-15T22:17:09Z,,19.52,complete,available,0,11,1,7,0,,0.0,13.52,0.0,0.0,11.0,0,0,,,36.36,low,False,,,,2026-07-16T07:31:30Z
180740,,Kid Cachora,https://www.royalroad.com/fiction/180740/la-heredera-de-la-muerte-espanol,2026-07-16T07:31:30Z,,10.29,complete,available,0,9,1,4,0,,0.0,21.0,0.0,0.0,9.0,0,0,,,36.15,low,False,,,,2026-07-16T07:31:30Z
180732,Price Of Power,Vertigue,https://www.royalroad.com/fiction/180732/price-of-power,2026-07-16T07:31:30Z,,10.29,complete,available,0,9,1,5,0,,0.0,21.0,0.0,0.0,9.0,0,0,,,36.15,low,False,,,,2026-07-16T07:31:30Z
180726,A Wandering Soul- Fan story,Kamakaziboyy,https://www.royalroad.com/fiction/180726/a-wandering-soul--fan-story,2026-07-16T07:31:30Z,,10.29,complete,available,0,9,1,18,0,,0.0,21.0,0.0,0.0,9.0,0,0,,,36.15,low,False,,,,2026-07-16T07:31:30Z
180723,Cursing the never ending sun,User user xulon,https://www.royalroad.com/fiction/180723/cursing-the-never-ending-sun,2026-07-16T07:31:30Z,,10.29,complete,available,0,9,1,8,0,,0.0,21.0,0.0,0.0,9.0,0,0,,,36.15,low,False,,,,2026-07-16T07:31:30Z
180719,Bloodlines Burden,Jayden Ness,https://www.royalroad.com/fiction/180719/bloodlines-burden,2026-07-16T07:31:30Z,,10.29,complete,available,0,9,1,10,0,,0.0,21.0,0.0,0.0,9.0,0,0,,,36.15,low,False,,,,2026-07-16T07:31:30Z
180612,Soul of Steel :Awakening,Maximillian Stark,https://www.royalroad.com/fiction/180612/soul-of-steel-awakening,2026-07-15T12:06:35Z,2026-07-15T13:37:24Z,28.19,complete,available,0,19,2,39,0,,0.0,16.18,0.0,0.0,9.5,0,0,,,35.7,medium,False,,,,2026-07-16T15:05:50Z
180747,,J.K. Barela,https://www.royalroad.com/fiction/180747/riftdiver-certification,2026-07-16T07:31:30Z,2026-07-16T03:40:29Z,14.14,complete,available,0,14,2,24,0,,0.0,23.77,0.0,0.0,7.0,0,0,,,35.69,medium,False,,,,2026-07-16T07:31:30Z
180646,Eurystheus of Tiryns,BarrieJ,https://www.royalroad.com/fiction/180646/eurystheus-of-tiryns,2026-07-15T18:41:10Z,,23.12,complete,available,0,11,1,7,0,,0.0,11.42,0.0,0.0,11.0,0,0,,,35.61,low,False,,,,2026-07-16T13:04:53Z
180640,The Infinite Prosperity Nexus,Loresorvergin,https://www.royalroad.com/fiction/180640/the-infinite-prosperity-nexus,2026-07-15T12:06:35Z,,29.7,complete,available,0,12,1,2,0,,0.0,9.7,0.0,0.0,12.0,0,0,,,35.44,low,False,,,,2026-07-16T13:04:53Z
180639,Raven-Kissed. Chapter One - Raven-Kissed Part III,HeelRick92,https://www.royalroad.com/fiction/180639/raven-kissed-chapter-one-raven-kissed-part-iii,2026-07-15T12:06:35Z,,29.7,complete,available,0,12,1,8,0,,0.0,9.7,0.0,0.0,12.0,0,0,,,35.44,low,False,,,,2026-07-16T13:04:53Z
180576,Soulbound Incarceration,Conner Vincent,https://www.royalroad.com/fiction/180576/soulbound-incarceration,2026-07-15T12:06:35Z,,29.7,complete,available,0,12,1,7,0,,0.0,9.7,0.0,0.0,12.0,0,0,,,35.44,low,False,,,,2026-07-16T17:48:36Z
180573,Genealogy Of Sorcery: Inherited Bloodline War,GOSIBW,https://www.royalroad.com/fiction/180573/genealogy-of-sorcery-inherited-bloodline-war,2026-07-15T12:06:35Z,,29.7,complete,available,0,12,1,5,0,,0.0,9.7,0.0,0.0,12.0,0,0,,,35.44,low,False,,,,2026-07-16T17:48:36Z
180552,Absolute Power,Sajjadapc,https://www.royalroad.com/fiction/180552/absolute-power,2026-07-15T12:06:35Z,,29.7,complete,available,0,12,1,4,0,,0.0,9.7,0.0,0.0,12.0,0,0,,,35.44,low,False,,,,2026-07-16T17:48:36Z
180777,A Name Twice Given,Lotharios,https://www.royalroad.com/fiction/180777/a-name-twice-given,2026-07-16T17:48:36Z,2026-07-16T17:33:12Z,0.26,complete,available,0,6,1,5,0,,0.0,24.0,0.0,0.0,6.0,0,0,,,35.19,medium,False,,,,2026-07-16T17:48:36Z
180774,Lunar Observations,Catsenti,https://www.royalroad.com/fiction/180774/lunar-observations,2026-07-16T17:48:36Z,,0.0,complete,available,0,6,1,7,0,,0.0,24.0,0.0,0.0,6.0,0,0,,,35.19,low,False,,,,2026-07-16T17:48:36Z
180772,Silent Reset,Edge Sharp,https://www.royalroad.com/fiction/180772/silent-reset,2026-07-16T17:48:36Z,,0.0,complete,available,0,6,1,7,0,,0.0,24.0,0.0,0.0,6.0,0,0,,,35.19,low,False,,,,2026-07-16T17:48:36Z
180770,THE WORLD: THE COSMOS-ANCHOR,MEDO1222,https://www.royalroad.com/fiction/180770/the-world-the-cosmos-anchor,2026-07-16T17:48:36Z,,0.0,complete,available,0,6,1,18,0,,0.0,24.0,0.0,0.0,6.0,0,0,,,35.19,low,False,,,,2026-07-16T17:48:36Z
180661,To Cupere,Merciless,https://www.royalroad.com/fiction/180661/to-cupere,2026-07-15T18:41:10Z,2026-07-15T17:23:33Z,24.42,complete,available,0,17,2,15,0,,0.0,16.71,0.0,0.0,8.5,0,0,,,34.65,medium,False,,,,2026-07-16T13:04:53Z
180709,Bound (The Halfling Legacy #1),maelynisenberg,https://www.royalroad.com/fiction/180709/bound-the-halfling-legacy-1,2026-07-15T22:17:09Z,,19.52,complete,available,0,10,1,8,0,,0.0,12.29,0.0,0.0,10.0,0,0,,,34.53,low,False,,,,2026-07-16T07:31:30Z
180678,gears of annihilation,abdelilah,https://www.royalroad.com/fiction/180678/gears-of-annihilation,2026-07-15T22:17:09Z,,19.52,complete,available,0,10,1,2,0,,0.0,12.29,0.0,0.0,10.0,0,0,,,34.53,low,False,,,,2026-07-16T07:31:30Z
180677,The Cultivator Who Couldn’t Use Magic,Fair skin 0723,https://www.royalroad.com/fiction/180677/the-cultivator-who-couldnt-use-magic,2026-07-15T22:17:09Z,,19.52,complete,available,0,10,1,7,0,,0.0,12.29,0.0,0.0,10.0,0,0,,,34.53,low,False,,,,2026-07-16T07:31:30Z
180746,,Rovan Eryk,https://www.royalroad.com/fiction/180746/the-games-we-play-a-short-story,2026-07-16T07:31:30Z,,10.29,complete,available,0,8,1,8,0,,0.0,18.67,0.0,0.0,8.0,0,0,,,34.44,low,False,,,,2026-07-16T07:31:30Z
180741,,S.M.Muse,https://www.royalroad.com/fiction/180741/the-summer-people,2026-07-16T07:31:30Z,,10.29,complete,available,0,8,1,12,0,,0.0,18.67,0.0,0.0,8.0,0,0,,,34.44,low,False,,,,2026-07-16T07:31:30Z
180717,The Academy of The 7 Elements,Alexander Thorn,https://www.royalroad.com/fiction/180717/the-academy-of-the-7-elements,2026-07-16T07:31:30Z,,10.29,complete,available,0,8,1,1,0,,0.0,18.67,0.0,0.0,8.0,0,0,,,34.44,low,False,,,,2026-07-16T07:31:30Z
180680,,Alexander Thorn,https://www.royalroad.com/fiction/180680/the-time-archaeologists,2026-07-15T22:17:09Z,2026-07-15T18:47:08Z,23.02,complete,available,0,10,1,3,0,,0.0,10.42,0.0,0.0,10.0,0,0,,,33.48,medium,False,,,,2026-07-16T07:31:30Z
180641,Verwaist aus Missbrauch,MichelleW,https://www.royalroad.com/fiction/180641/verwaist-aus-missbrauch,2026-07-15T12:06:35Z,,29.7,complete,available,0,11,1,3,0,,0.0,8.89,0.0,0.0,11.0,0,0,,,33.11,low,False,,,,2026-07-16T13:04:53Z
180592,"THE DEMON Inside Everyone A Story of Rise, Shattering, and Regrets",Dhiyaneshwaran V,https://www.royalroad.com/fiction/180592/the-demon-inside-everyone-a-story-of-rise-shattering,2026-07-15T12:06:35Z,,29.7,complete,available,0,11,1,40,0,,0.0,8.89,0.0,0.0,11.0,0,0,,,33.11,low,False,,,,2026-07-16T15:05:50Z
180589,Book 1. SERIES: They face themselves as a child in the afterlife. Title: A DECEIVER'S PARADISE,Rush Dearie,https://www.royalroad.com/fiction/180589/book-1-series-they-face-themselves-as-a-child,2026-07-15T12:06:35Z,,29.7,complete,available,0,11,1,13,0,,0.0,8.89,0.0,0.0,11.0,0,0,,,33.11,low,False,,,,2026-07-16T15:05:50Z
180580,Chapter 1 When jealous speaks,Likata,https://www.royalroad.com/fiction/180580/chapter-1-when-jealous-speaks,2026-07-15T12:06:35Z,,29.7,complete,available,0,11,1,1,0,,0.0,8.89,0.0,0.0,11.0,0,0,,,33.11,low,False,,,,2026-07-16T17:48:36Z
180578,When jealous speaks chapter 1,Likata,https://www.royalroad.com/fiction/180578/when-jealous-speaks-chapter-1,2026-07-15T12:06:35Z,,29.7,complete,available,0,11,1,1,0,,0.0,8.89,0.0,0.0,11.0,0,0,,,33.11,low,False,,,,2026-07-16T17:48:36Z
180567,Moonwalker,paige06,https://www.royalroad.com/fiction/180567/moonwalker,2026-07-15T12:06:35Z,,29.7,complete,available,0,11,1,4,0,,0.0,8.89,0.0,0.0,11.0,0,0,,,33.11,low,False,,,,2026-07-16T17:48:36Z
180715,The Mesh_,ReMarcus,https://www.royalroad.com/fiction/180715/the-mesh,2026-07-16T07:31:30Z,,10.29,complete,available,0,7,1,7,0,,0.0,16.33,0.0,0.0,7.0,0,0,,,33.09,low,False,,,,2026-07-16T07:31:30Z
180685,DARK ETERNAL SAGA,dark1eternal2saga,https://www.royalroad.com/fiction/180685/dark-eternal-saga,2026-07-15T22:17:09Z,,19.52,complete,available,0,9,1,0,0,,0.0,11.06,0.0,0.0,9.0,0,0,,,32.6,low,False,,,,2026-07-16T07:31:30Z
180773,A Fall of Gods,Allie_Mersel,https://www.royalroad.com/fiction/180773/a-fall-of-gods,2026-07-16T17:48:36Z,,0.0,complete,available,0,5,1,15,0,,0.0,20.0,0.0,0.0,5.0,0,0,,,32.58,low,False,,,,2026-07-16T17:48:36Z
180766,Burning away amongst the tea leaves,TapestryOfAlktraz,https://www.royalroad.com/fiction/180766/burning-away-amongst-the-tea-leaves,2026-07-16T17:48:36Z,,0.0,complete,available,0,5,1,7,0,,0.0,20.0,0.0,0.0,5.0,0,0,,,32.58,low,False,,,,2026-07-16T17:48:36Z
180668,Angels VS Demons,L.A.W. Productions,https://www.royalroad.com/fiction/180668/angels-vs-demons,2026-07-15T18:41:10Z,2026-07-15T19:00:12Z,22.81,complete,available,0,14,2,20,0,,0.0,14.73,0.0,0.0,7.0,0,0,,,32.39,medium,False,,,,2026-07-16T13:04:53Z
180768,Бункер,Urban Pacifist,https://www.royalroad.com/fiction/180768/bunker,2026-07-16T17:48:36Z,,0.0,complete,available,0,4,1,4,0,,0.0,16.0,0.0,0.0,4.0,0,0,,,31.53,low,False,,,,2026-07-16T17:48:36Z
180767,Happily Never After,EarthWyrmGym,https://www.royalroad.com/fiction/180767/happily-never-after,2026-07-16T17:48:36Z,,0.0,complete,available,0,4,1,3,0,,0.0,16.0,0.0,0.0,4.0,0,0,,,31.53,low,False,,,,2026-07-16T17:48:36Z
180718,Against The System 2 - The Pass,kirbsand,https://www.royalroad.com/fiction/180718/against-the-system-2-the-pass,2026-07-16T07:31:30Z,,10.29,complete,available,0,6,1,20,0,,0.0,14.0,0.0,0.0,6.0,0,0,,,31.28,low,False,,,,2026-07-16T07:31:30Z
180716,Black Fur,JayTip,https://www.royalroad.com/fiction/180716/black-fur,2026-07-16T07:31:30Z,,10.29,complete,available,0,6,1,4,0,,0.0,14.0,0.0,0.0,6.0,0,0,,,31.28,low,False,,,,2026-07-16T07:31:30Z
180656,Pig,yotokonobeatrice,https://www.royalroad.com/fiction/180656/pig,2026-07-15T18:41:10Z,,23.12,complete,available,0,9,1,678,0,,0.0,9.34,0.0,0.0,9.0,0,0,,,30.99,low,False,,,,2026-07-16T13:04:53Z
180655,The Invisible Empire,mystery_sid,https://www.royalroad.com/fiction/180655/the-invisible-empire,2026-07-15T18:41:10Z,,23.12,complete,available,0,9,1,3,0,,0.0,9.34,0.0,0.0,9.0,0,0,,,30.99,low,False,,,,2026-07-16T13:04:53Z
180654,The Journey to Nowhere,MissApollo,https://www.royalroad.com/fiction/180654/the-journey-to-nowhere,2026-07-15T18:41:10Z,,23.12,complete,available,0,9,1,3,0,,0.0,9.34,0.0,0.0,9.0,0,0,,,30.99,low,False,,,,2026-07-16T13:04:53Z
180706,When Gods Fall: The Fool’s Challenge,LostCore,https://www.royalroad.com/fiction/180706/when-gods-fall-the-fools-challenge,2026-07-15T22:17:09Z,,19.52,complete,available,0,8,1,6,0,,0.0,9.83,0.0,0.0,8.0,0,0,,,30.89,low,False,,,,2026-07-16T07:31:30Z
180703,Jaqine: College is complicated,J Senrab,https://www.royalroad.com/fiction/180703/jaqine-college-is-complicated,2026-07-15T22:17:09Z,,19.52,complete,available,0,8,1,2,0,,0.0,9.83,0.0,0.0,8.0,0,0,,,30.89,low,False,,,,2026-07-16T07:31:30Z
180681,ARCA: THE LAST RECLAIMER,AzeroD,https://www.royalroad.com/fiction/180681/arca-the-last-reclaimer,2026-07-15T22:17:09Z,,19.52,complete,available,0,8,1,15,0,,0.0,9.83,0.0,0.0,8.0,0,0,,,30.89,low,False,,,,2026-07-16T07:31:30Z
180676,Blackhart [Turkish],mikanoctis,https://www.royalroad.com/fiction/180676/blackhart-turkish,2026-07-15T22:17:09Z,,19.52,complete,available,0,8,1,3,0,,0.0,9.83,0.0,0.0,8.0,0,0,,,30.89,low,False,,,,2026-07-16T07:31:30Z
180606,The Unbroken Line,RenBooks,https://www.royalroad.com/fiction/180606/the-unbroken-line,2026-07-15T12:06:35Z,,29.7,complete,available,0,10,1,11,0,,0.0,8.08,0.0,0.0,10.0,0,0,,,30.83,low,False,,,,2026-07-16T15:05:50Z
180551,Worlds in Ink,Mr. String,https://www.royalroad.com/fiction/180551/worlds-in-ink,2026-07-15T12:06:35Z,,29.7,complete,available,0,10,1,1,0,,0.0,8.08,0.0,0.0,10.0,0,0,,,30.83,low,False,,,,2026-07-16T17:48:36Z
180682,Ascension,A.N.O,https://www.royalroad.com/fiction/180682/ascension,2026-07-15T22:17:09Z,2026-07-15T18:48:37Z,23.0,complete,available,0,10,2,10,0,,0.0,10.43,0.0,0.0,5.0,0,0,,,29.13,medium,False,,,,2026-07-16T07:31:30Z
180625,Titanhyde,Julian Williams,https://www.royalroad.com/fiction/180625/titanhyde,2026-07-15T12:06:35Z,,29.7,complete,available,0,9,1,8,0,,0.0,7.27,0.0,0.0,9.0,0,0,,,28.99,low,False,,,,2026-07-16T15:05:50Z
180603,El Escritor y la Streamer (spanish),exiliadosvtuber,https://www.royalroad.com/fiction/180603/el-escritor-y-la-streamer-spanish,2026-07-15T12:06:35Z,,29.7,complete,available,0,9,1,19,0,,0.0,7.27,0.0,0.0,9.0,0,0,,,28.99,low,False,,,,2026-07-16T15:05:50Z
180591,Unnatural: The Unknown: Sneak Peek,Ash82738912987,https://www.royalroad.com/fiction/180591/unnatural-the-unknown-sneak-peek,2026-07-15T12:06:35Z,,29.7,complete,available,0,9,1,1,0,,0.0,7.27,0.0,0.0,9.0,0,0,,,28.99,low,False,,,,2026-07-16T15:05:50Z
180586,The Light,MohamedAli24,https://www.royalroad.com/fiction/180586/the-light,2026-07-15T12:06:35Z,,29.7,complete,available,0,9,1,13,0,,0.0,7.27,0.0,0.0,9.0,0,0,,,28.99,low,False,,,,2026-07-16T17:48:36Z
180555,Towerfall Ascension,inkborne.pub,https://www.royalroad.com/fiction/180555/towerfall-ascension,2026-07-15T12:06:35Z,,29.7,complete,available,0,9,1,10,0,,0.0,7.27,0.0,0.0,9.0,0,0,,,28.99,low,False,,,,2026-07-16T17:48:36Z
180700,TWO WORLDS APART,Wana3mi,https://www.royalroad.com/fiction/180700/two-worlds-apart,2026-07-15T22:17:09Z,,19.52,complete,available,0,7,1,2,0,,0.0,8.6,0.0,0.0,7.0,0,0,,,27.88,low,False,,,,2026-07-16T07:31:30Z
180697,The Evil Cultivation King,Far Away Dream,https://www.royalroad.com/fiction/180697/the-evil-cultivation-king,2026-07-15T22:17:09Z,,19.52,complete,available,0,7,1,6,0,,0.0,8.6,0.0,0.0,7.0,0,0,,,27.88,low,False,,,,2026-07-16T07:31:30Z
180694,Beyond The Mask,Blondhaylee,https://www.royalroad.com/fiction/180694/beyond-the-mask,2026-07-15T22:17:09Z,,19.52,complete,available,0,7,1,6,0,,0.0,8.6,0.0,0.0,7.0,0,0,,,27.88,low,False,,,,2026-07-16T07:31:30Z
180688,Orebound: Rank One by Mining,27rabbit,https://www.royalroad.com/fiction/180688/orebound-rank-one-by-mining,2026-07-15T22:17:09Z,,19.52,complete,available,0,7,1,10,0,,0.0,8.6,0.0,0.0,7.0,0,0,,,27.88,low,False,,,,2026-07-16T07:31:30Z
180683,Highborn Warlord,HopefulChild,https://www.royalroad.com/fiction/180683/highborn-warlord,2026-07-15T22:17:09Z,,19.52,complete,available,0,7,1,18,0,,0.0,8.6,0.0,0.0,7.0,0,0,,,27.88,low,False,,,,2026-07-16T07:31:30Z
180701,,Alexander Thorn,https://www.royalroad.com/fiction/180701/the-amazing-world-of-gumball-dimension-of-mistakes,2026-07-15T22:17:09Z,2026-07-15T19:18:18Z,22.5,complete,available,0,7,1,2,0,,0.0,7.47,0.0,0.0,7.0,0,0,,,27.38,medium,False,,,,2026-07-16T07:31:30Z
180622,Wings in the Night,The Whispering Cat,https://www.royalroad.com/fiction/180622/wings-in-the-night,2026-07-15T12:06:35Z,,29.7,complete,available,0,8,1,5,0,,0.0,6.46,0.0,0.0,8.0,0,0,,,27.24,low,False,,,,2026-07-16T15:05:50Z
180604,The Glitched Blacksmith,Fate_Library,https://www.royalroad.com/fiction/180604/the-glitched-blacksmith,2026-07-15T12:06:35Z,,29.7,complete,available,0,8,1,8,0,,0.0,6.46,0.0,0.0,8.0,0,0,,,27.24,low,False,,,,2026-07-16T15:05:50Z
180602,Soul king : Ruler of the Undeads,TwilightGod,https://www.royalroad.com/fiction/180602/soul-king-ruler-of-the-undeads,2026-07-15T12:06:35Z,,29.7,complete,available,0,8,1,5,0,,0.0,6.46,0.0,0.0,8.0,0,0,,,27.24,low,False,,,,2026-07-16T15:05:50Z
180553,Absolute Power,Sajjadapc,https://www.royalroad.com/fiction/180553/absolute-power,2026-07-15T12:06:35Z,,29.7,complete,available,0,8,1,4,0,,0.0,6.46,0.0,0.0,8.0,0,0,,,27.24,low,False,,,,2026-07-16T17:48:36Z
180672,The Anatta Paradox,KushanPrabodha,https://www.royalroad.com/fiction/180672/the-anatta-paradox,2026-07-15T18:41:10Z,2026-07-15T18:38:49Z,23.16,complete,available,0,7,1,3,0,,0.0,7.25,0.0,0.0,7.0,0,0,,,26.63,medium,False,,,,2026-07-16T07:31:30Z
180671,Redborn,JDaWriter,https://www.royalroad.com/fiction/180671/redborn,2026-07-15T18:41:10Z,2026-07-15T18:38:34Z,23.17,complete,available,0,7,1,8,0,,0.0,7.25,0.0,0.0,7.0,0,0,,,26.63,medium,False,,,,2026-07-16T07:31:30Z
180690,Wisdom and Courage,efseht,https://www.royalroad.com/fiction/180690/wisdom-and-courage,2026-07-15T22:17:09Z,,19.52,complete,available,0,6,1,7,0,,0.0,7.38,0.0,0.0,6.0,0,0,,,26.53,low,False,,,,2026-07-16T07:31:30Z
180601,"After the Divorce, I Took Over a Failing Drama Studio",TwelveLiang,https://www.royalroad.com/fiction/180601/after-the-divorce-i-took-over-a-failing-drama,2026-07-15T12:06:35Z,,29.7,complete,available,0,7,1,2,0,,0.0,5.66,0.0,0.0,7.0,0,0,,,25.93,low,False,,,,2026-07-16T15:05:50Z
180608,The Peat Reader,Starfield Pluck,https://www.royalroad.com/fiction/180608/the-peat-reader,2026-07-15T12:06:35Z,,29.7,complete,available,0,6,1,5,0,,0.0,4.85,0.0,0.0,6.0,0,0,,,24.93,low,False,,,,2026-07-16T15:05:50Z
180600,The Odd Sea: the Siren Sorority Sister,Abraham.Clabby,https://www.royalroad.com/fiction/180600/the-odd-sea-the-siren-sorority-sister,2026-07-15T12:06:35Z,,29.7,complete,available,0,6,1,9,0,,0.0,4.85,0.0,0.0,6.0,0,0,,,24.93,low,False,,,,2026-07-16T15:05:50Z
180598,Bionic 1 Volume 1,ValeVari68,https://www.royalroad.com/fiction/180598/bionic-1-volume-1,2026-07-15T12:06:35Z,,29.7,complete,available,0,6,1,3,0,,0.0,4.85,0.0,0.0,6.0,0,0,,,24.93,low,False,,,,2026-07-16T15:05:50Z
180751,,Gerhi Janse van Vuuren,https://www.royalroad.com/fiction/180751/run-toward-ruin,2026-07-16T07:31:30Z,2026-07-16T07:26:17Z,10.37,complete,available,0,1,1,7,0,,0.0,2.31,0.0,0.0,1.0,0,0,,,24.1,medium,False,,,,2026-07-16T07:31:30Z
180757,,fenyunyue,https://www.royalroad.com/fiction/180757/bazhentuxuwenjiejuzhongbianzhenxiong-chinese,2026-07-16T13:04:53Z,2026-07-16T13:00:38Z,4.8,complete,available,0,0,1,4,0,,0.0,0.0,,0.0,0.0,0,0,,,20.53,medium,False,,,,2026-07-16T13:04:53Z
180563,The Dead Arrive At Dawn,Ryker Bale,https://www.royalroad.com/fiction/180563/the-dead-arrive-at-dawn,2026-07-15T12:06:35Z,,29.7,partial,available,3,0,,0,0,,2.42,0.0,,,,0,0,,,,low,False,,,,2026-07-16T17:48:36Z
180629,,,https://www.royalroad.com/fiction/180629/the-consequence,2026-07-15T12:06:35Z,,29.7,unavailable,unavailable,,,,,,,,,,,,,,,,,low,False,,,,
180611,,,https://www.royalroad.com/fiction/180611/the-stage-is-still-standing,2026-07-15T12:06:35Z,,29.7,unavailable,unavailable,,,,,,,,,,,,,,,,,low,False,,,,
180550,,,https://www.royalroad.com/fiction/180550/the-return-of-magic,2026-07-15T12:06:35Z,,29.7,missing,unknown,,,,,,,,,,,,,,,,,low,False,,,,
180549,,,https://www.royalroad.com/fiction/180549/the-legend-of-the-bush-baby,2026-07-15T12:06:35Z,,29.7,missing,unknown,,,,,,,,,,,,,,,,,low,False,,,,
180548,,,https://www.royalroad.com/fiction/180548/oud-and-ash,2026-07-15T12:06:35Z,,29.7,missing,unknown,,,,,,,,,,,,,,,,,low,False,,,,
180547,,,https://www.royalroad.com/fiction/180547/the-ghost-stricker-season-1,2026-07-15T12:06:35Z,,29.7,missing,unknown,,,,,,,,,,,,,,,,,low,False,,,,
180546,,,https://www.royalroad.com/fiction/180546/darkness-within,2026-07-15T12:06:35Z,,29.7,missing,unknown,,,,,,,,,,,,,,,,,low,False,,,,
180545,,,https://www.royalroad.com/fiction/180545/back-to-2002-code-of-the-future,2026-07-15T12:06:35Z,,29.7,missing,unknown,,,,,,,,,,,,,,,,,low,False,,,,
180544,,,https://www.royalroad.com/fiction/180544/the-time-of-jordane,2026-07-15T12:06:35Z,,29.7,missing,unknown,,,,,,,,,,,,,,,,,low,False,,,,
180543,,,https://www.royalroad.com/fiction/180543/adhipatya-the-authority,2026-07-15T12:06:35Z,,29.7,missing,unknown,,,,,,,,,,,,,,,,,low,False,,,,
180542,,,https://www.royalroad.com/fiction/180542/honey-dew-dungeon-the-core-that-chose-life,2026-07-15T12:06:35Z,,29.7,missing,unknown,,,,,,,,,,,,,,,,,low,False,,,,
180541,,,https://www.royalroad.com/fiction/180541/dont-stay-in-whittle-bay,2026-07-15T12:06:35Z,,29.7,missing,unknown,,,,,,,,,,,,,,,,,low,False,,,,
180540,,,https://www.royalroad.com/fiction/180540/the-apex-evolution,2026-07-15T06:31:58Z,2026-07-15T06:25:36Z,35.38,missing,unknown,,,,,,,,,,,,,,,,,low,False,,,,
180539,,,https://www.royalroad.com/fiction/180539/subject-n-42,2026-07-15T06:31:58Z,,35.28,missing,unknown,,,,,,,,,,,,,,,,,low,False,,,,
180538,,,https://www.royalroad.com/fiction/180538/blood-fall-the-bad-ending,2026-07-15T06:31:58Z,,35.28,missing,unknown,,,,,,,,,,,,,,,,,low,False,,,,
180537,,,https://www.royalroad.com/fiction/180537/house-of-satanthe-first-sin,2026-07-15T06:31:58Z,,35.28,missing,unknown,,,,,,,,,,,,,,,,,low,False,,,,
180536,,,https://www.royalroad.com/fiction/180536/the-mother-above,2026-07-15T06:31:58Z,2026-07-16T02:03:47Z,15.75,missing,unknown,,,,,,,,,,,,,,,,,low,False,,,,
180535,,,https://www.royalroad.com/fiction/180535/the-iron-lord,2026-07-15T06:31:58Z,,35.28,missing,unknown,,,,,,,,,,,,,,,,,low,False,,,,
180534,,,https://www.royalroad.com/fiction/180534/do-i-feel-pain,2026-07-15T06:31:58Z,,35.28,missing,unknown,,,,,,,,,,,,,,,,,low,False,,,,
180533,,,https://www.royalroad.com/fiction/180533/the-fools-journey-ends-at-zero,2026-07-15T06:31:58Z,,35.28,missing,unknown,,,,,,,,,,,,,,,,,low,False,,,,
180531,,,https://www.royalroad.com/fiction/180531/rooms-we-left-behind,2026-07-15T06:31:58Z,,35.28,missing,unknown,,,,,,,,,,,,,,,,,low,False,,,,
180530,,,https://www.royalroad.com/fiction/180530/athir-divine-fragment,2026-07-15T06:31:58Z,,35.28,missing,unknown,,,,,,,,,,,,,,,,,low,False,,,,
180529,,,https://www.royalroad.com/fiction/180529/case-001-the-lost-navigator,2026-07-15T06:31:58Z,,35.28,missing,unknown,,,,,,,,,,,,,,,,,low,False,,,,
180528,,,https://www.royalroad.com/fiction/180528/transmigrator-awakening,2026-07-15T06:31:58Z,,35.28,missing,unknown,,,,,,,,,,,,,,,,,low,False,,,,
180527,,,https://www.royalroad.com/fiction/180527/the-ninth-possibility,2026-07-15T06:31:58Z,,35.28,missing,unknown,,,,,,,,,,,,,,,,,low,False,,,,
180526,,,https://www.royalroad.com/fiction/180526/the-tomorrow-project,2026-07-15T06:31:58Z,,35.28,missing,unknown,,,,,,,,,,,,,,,,,low,False,,,,
180525,,,https://www.royalroad.com/fiction/180525/mangas-regicide,2026-07-15T06:31:58Z,,35.28,missing,unknown,,,,,,,,,,,,,,,,,low,False,,,,
180524,,,https://www.royalroad.com/fiction/180524/journeys-of-the-round-table-1,2026-07-15T06:31:58Z,,35.28,missing,unknown,,,,,,,,,,,,,,,,,low,False,,,,
180523,,,https://www.royalroad.com/fiction/180523/the-boundless-herothe-dark-deconstruction,2026-07-15T06:31:58Z,,35.28,missing,unknown,,,,,,,,,,,,,,,,,low,False,,,,
180522,,,https://www.royalroad.com/fiction/180522/virelith,2026-07-15T06:31:58Z,,35.28,missing,unknown,,,,,,,,,,,,,,,,,low,False,,,,
180521,,,https://www.royalroad.com/fiction/180521/the-first-psion-a-litrpg-academy-story,2026-07-15T06:31:58Z,,35.28,missing,unknown,,,,,,,,,,,,,,,,,low,False,,,,
180520,,,https://www.royalroad.com/fiction/180520/the-framework-dodge-and-kylan,2026-07-15T06:31:58Z,,35.28,missing,unknown,,,,,,,,,,,,,,,,,low,False,,,,
180519,,,https://www.royalroad.com/fiction/180519/hello-this-is-a-heaven,2026-07-15T06:31:58Z,,35.28,missing,unknown,,,,,,,,,,,,,,,,,low,False,,,,
180518,,,https://www.royalroad.com/fiction/180518/the-debt-contract,2026-07-15T06:31:58Z,,35.28,missing,unknown,,,,,,,,,,,,,,,,,low,False,,,,
180517,,,https://www.royalroad.com/fiction/180517/black-creek,2026-07-15T06:31:58Z,,35.28,missing,unknown,,,,,,,,,,,,,,,,,low,False,,,,
180516,,,https://www.royalroad.com/fiction/180516/isekai-summoned-into-the-land-of-the-dead-espanol,2026-07-15T06:31:58Z,,35.28,missing,unknown,,,,,,,,,,,,,,,,,low,False,,,,
180515,,,https://www.royalroad.com/fiction/180515/commodore-what-might-have-been,2026-07-15T06:31:58Z,,35.28,missing,unknown,,,,,,,,,,,,,,,,,low,False,,,,
180514,,,https://www.royalroad.com/fiction/180514/mercy-is-the-cruelest-sin,2026-07-14T23:21:02Z,2026-07-14T23:20:23Z,42.47,missing,unknown,,,,,,,,,,,,,,,,,low,False,,,,
180513,,,https://www.royalroad.com/fiction/180513/the-red-shadow,2026-07-14T23:21:02Z,2026-07-14T23:14:39Z,42.57,missing,unknown,,,,,,,,,,,,,,,,,low,False,,,,
180512,,,https://www.royalroad.com/fiction/180512/storming-babylon-book-one-of-the-horrors-and-hoagies,2026-07-14T23:21:02Z,2026-07-14T23:14:28Z,42.57,missing,unknown,,,,,,,,,,,,,,,,,low,False,,,,
180511,,,https://www.royalroad.com/fiction/180511/eternal-comprehension,2026-07-14T23:21:02Z,2026-07-14T23:13:53Z,42.58,missing,unknown,,,,,,,,,,,,,,,,,low,False,,,,
180510,,,https://www.royalroad.com/fiction/180510/the-weight-of-empty-skies,2026-07-14T23:21:02Z,,42.46,missing,unknown,,,,,,,,,,,,,,,,,low,False,,,,
180509,,,https://www.royalroad.com/fiction/180509/the-vertex-paradox,2026-07-14T23:21:02Z,,42.46,missing,unknown,,,,,,,,,,,,,,,,,low,False,,,,
180508,,,https://www.royalroad.com/fiction/180508/everyday-hearts-book-1-chaos-and-control,2026-07-14T23:21:02Z,,42.46,missing,unknown,,,,,,,,,,,,,,,,,low,False,,,,
180507,,,https://www.royalroad.com/fiction/180507/the-moon-that-forgot-the-sky,2026-07-14T23:21:02Z,,42.46,missing,unknown,,,,,,,,,,,,,,,,,low,False,,,,
180506,,,https://www.royalroad.com/fiction/180506/the-void-walker,2026-07-14T23:21:02Z,,42.46,missing,unknown,,,,,,,,,,,,,,,,,low,False,,,,
180505,,,https://www.royalroad.com/fiction/180505/trash-tier-alchemy-scamming-ascendants-in-the,2026-07-14T23:21:02Z,,42.46,missing,unknown,,,,,,,,,,,,,,,,,low,False,,,,
180504,,,https://www.royalroad.com/fiction/180504/kursun-levhalarin-cagrisi-turkish,2026-07-14T23:21:02Z,,42.46,missing,unknown,,,,,,,,,,,,,,,,,low,False,,,,
180503,,,https://www.royalroad.com/fiction/180503/my-avatar-is-a-bit-over-powered,2026-07-14T23:21:02Z,,42.46,missing,unknown,,,,,,,,,,,,,,,,,low,False,,,,
180502,,,https://www.royalroad.com/fiction/180502/be-boy-be-decoy,2026-07-14T23:21:02Z,,42.46,missing,unknown,,,,,,,,,,,,,,,,,low,False,,,,
180501,,,https://www.royalroad.com/fiction/180501/survival-island,2026-07-14T23:21:02Z,,42.46,missing,unknown,,,,,,,,,,,,,,,,,low,False,,,,
180500,,,https://www.royalroad.com/fiction/180500/bartleby-and-the-cargonauts-the-bromeliad-2,2026-07-14T23:21:02Z,,42.46,missing,unknown,,,,,,,,,,,,,,,,,low,False,,,,
180499,,,https://www.royalroad.com/fiction/180499/otra-oportunidad-en-un-mundo-diferente-spanish,2026-07-14T23:21:02Z,,42.46,missing,unknown,,,,,,,,,,,,,,,,,low,False,,,,
180498,,,https://www.royalroad.com/fiction/180498/shadow-of-the-badge,2026-07-14T23:21:02Z,,42.46,missing,unknown,,,,,,,,,,,,,,,,,low,False,,,,
180497,,,https://www.royalroad.com/fiction/180497/so-im-a-cat-now,2026-07-14T23:21:02Z,,42.46,missing,unknown,,,,,,,,,,,,,,,,,low,False,,,,
180496,,,https://www.royalroad.com/fiction/180496/the-blackwell-a-worm-fanfiction,2026-07-14T23:21:02Z,,42.46,missing,unknown,,,,,,,,,,,,,,,,,low,False,,,,
180495,,,https://www.royalroad.com/fiction/180495/blood-iron,2026-07-14T21:34:14Z,,44.24,missing,unknown,,,,,,,,,,,,,,,,,low,False,,,,
180494,,,https://www.royalroad.com/fiction/180494/the-chase,2026-07-14T21:34:14Z,,44.24,missing,unknown,,,,,,,,,,,,,,,,,low,False,,,,
180493,,,https://www.royalroad.com/fiction/180493/libulan-the-moon-god,2026-07-14T21:34:14Z,,44.24,missing,unknown,,,,,,,,,,,,,,,,,low,False,,,,
180492,,,https://www.royalroad.com/fiction/180492/paid-in-regrets,2026-07-14T21:34:14Z,,44.24,missing,unknown,,,,,,,,,,,,,,,,,low,False,,,,
180491,,,https://www.royalroad.com/fiction/180491/i-am-a-genius-right,2026-07-14T21:34:14Z,,44.24,missing,unknown,,,,,,,,,,,,,,,,,low,False,,,,
180490,,,https://www.royalroad.com/fiction/180490/stranded-into-the-abyss,2026-07-14T21:34:14Z,,44.24,missing,unknown,,,,,,,,,,,,,,,,,low,False,,,,
180489,,,https://www.royalroad.com/fiction/180489/the-floor-guys,2026-07-14T21:34:14Z,,44.24,missing,unknown,,,,,,,,,,,,,,,,,low,False,,,,
180488,,,https://www.royalroad.com/fiction/180488/born-of-secrets,2026-07-14T21:34:14Z,,44.24,missing,unknown,,,,,,,,,,,,,,,,,low,False,,,,
180487,,,https://www.royalroad.com/fiction/180487/soulforge-saga-auras-unleashed,2026-07-14T21:34:14Z,,44.24,missing,unknown,,,,,,,,,,,,,,,,,low,False,,,,
180486,,,https://www.royalroad.com/fiction/180486/the-leash-and-the-liar,2026-07-14T21:34:14Z,,44.24,missing,unknown,,,,,,,,,,,,,,,,,low,False,,,,
180485,,,https://www.royalroad.com/fiction/180485/wake-up,2026-07-14T21:34:14Z,,44.24,missing,unknown,,,,,,,,,,,,,,,,,low,False,,,,
180484,,,https://www.royalroad.com/fiction/180484/valkyrie-runner,2026-07-14T21:34:14Z,,44.24,missing,unknown,,,,,,,,,,,,,,,,,low,False,,,,
180483,,,https://www.royalroad.com/fiction/180483/the-squad,2026-07-14T21:34:14Z,,44.24,missing,unknown,,,,,,,,,,,,,,,,,low,False,,,,
180482,,,https://www.royalroad.com/fiction/180482/my-systems-name-is-symbiot,2026-07-14T21:34:14Z,,44.24,missing,unknown,,,,,,,,,,,,,,,,,low,False,,,,
180481,,,https://www.royalroad.com/fiction/180481/beneath-the-splendid-mask,2026-07-14T21:34:14Z,,44.24,missing,unknown,,,,,,,,,,,,,,,,,low,False,,,,
180480,,,https://www.royalroad.com/fiction/180480/gemannan-nan-cruintean-spiel-der-koniginnen,2026-07-14T21:34:14Z,,44.24,missing,unknown,,,,,,,,,,,,,,,,,low,False,,,,
180479,,,https://www.royalroad.com/fiction/180479/to-dream-path,2026-07-14T21:34:14Z,2026-07-14T18:55:19Z,46.89,missing,unknown,,,,,,,,,,,,,,,,,low,False,,,,
180478,,,https://www.royalroad.com/fiction/180478/wannabe-vampire-empress,2026-07-14T21:34:14Z,,44.24,missing,unknown,,,,,,,,,,,,,,,,,low,False,,,,
180477,,,https://www.royalroad.com/fiction/180477/anomaly-desafiando-al-mundo-spanish-espanol,2026-07-14T21:34:14Z,,44.24,missing,unknown,,,,,,,,,,,,,,,,,low,False,,,,
180476,,,https://www.royalroad.com/fiction/180476/canda,2026-07-14T21:34:14Z,,44.24,missing,unknown,,,,,,,,,,,,,,,,,low,False,,,,
